5289,1,Forward
7567,2,Midfielder
8894,2,Midfielder
16700,1,Forward
17478,3,Defender
23761,2,Midfielder
24324,3,Defender
24836,3,Defender
25891,1,Forward
26703,2,Midfielder
37323,2,Midfielder
41952,2,Midfielder
45702,3,Defender
45843,1,Forward
48484,1,Forward
56962,2,Midfielder
65434,2,Midfielder
66579,3,Defender
66955,2,Midfielder
67310,2,Midfielder
67518,2,Midfielder
67671,3,Defender
68802,3,Defender
69318,2,Midfielder
70182,1,Forward
70624,2,Midfielder
70745,2,Midfielder
71042,2,Midfielder
72478,2,Midfielder
73200,2,Midfielder
75571,2,Midfielder
75574,1,Forward
75577,2,Midfielder
75621,2,Midfielder
75703,3,Defender
76098,2,Midfielder
76584,1,Forward
76914,2,Midfielder
77653,2,Midfielder
82716,2,Midfielder
83178,1,Forward
84036,2,Midfielder
85010,2,Midfielder
86436,2,Midfielder
87387,2,Midfielder
88374,3,Defender
88455,1,Forward
89175,2,Midfielder
93011,1,Forward
96526,2,Midfielder
96526,3,Defender
97401,2,Midfielder
98448,3,Defender
99500,2,Midfielder
100525,1,Forward
100802,2,Midfielder
101759,2,Midfielder
101934,3,Defender
103029,3,Defender
103848,2,Midfielder
104369,2,Midfielder
105803,3,Defender
105957,2,Midfielder
106957,1,Forward
113752,3,Defender
115713,1,Forward
115989,2,Midfielder
116662,2,Midfielder
116825,2,Midfielder
117713,2,Midfielder
117724,2,Midfielder
117830,1,Forward
117864,2,Midfielder
118125,2,Midfielder
121010,2,Midfielder
121021,3,Defender
121714,2,Midfielder
121893,2,Midfielder
122742,2,Midfielder
124439,1,Forward
125088,1,Forward
126248,3,Defender
126619,2,Midfielder
127502,2,Midfielder
127512,2,Midfielder
127512,3,Defender
127520,1,Forward
129265,1,Forward
129395,1,Forward
130467,3,Defender
131466,2,Midfielder
132237,3,Defender
132374,2,Midfielder
132709,1,Forward
133099,3,Defender
133111,2,Midfielder
134066,2,Midfielder
135294,3,Defender
136124,3,Defender
136135,1,Forward
136529,2,Midfielder
136638,3,Defender
136775,2,Midfielder
138183,3,Defender
138636,3,Defender
139028,1,Forward
139703,2,Midfielder
140468,2,Midfielder
140531,3,Defender
141243,1,Forward
141584,3,Defender
141815,3,Defender
144012,1,Forward
144509,2,Midfielder
144821,2,Midfielder
144989,3,Defender
146027,3,Defender
146042,2,Midfielder
146067,1,Forward
146355,3,Defender
146408,2,Midfielder
146410,2,Midfielder
146419,1,Forward
146866,2,Midfielder
147064,3,Defender
147197,3,Defender
147207,2,Midfielder
147256,3,Defender
148306,2,Midfielder
148320,1,Forward
148356,2,Midfielder
148614,2,Midfielder
148641,2,Midfielder
150185,2,Midfielder
150315,3,Defender
150409,1,Forward
151510,1,Forward
151788,3,Defender
152168,2,Midfielder
152660,3,Defender
152732,1,Forward
152740,2,Midfielder
153255,2,Midfielder
153289,2,Midfielder
153297,2,Midfielder
153510,3,Defender
153613,2,Midfielder
155529,1,Forward
156153,2,Midfielder
156157,2,Midfielder
156187,2,Midfielder
156215,2,Midfielder
156228,2,Midfielder
156239,2,Midfielder
156309,3,Defender
156324,2,Midfielder
156342,3,Defender
156394,3,Defender
156506,3,Defender
157071,2,Midfielder
158081,1,Forward
158185,3,Defender
158329,2,Midfielder
158331,2,Midfielder
158604,2,Midfielder
158640,1,Forward
159296,3,Defender
159461,3,Defender
159478,2,Midfielder
159491,1,Forward
159502,3,Defender
160971,3,Defender
160974,2,Midfielder
162716,1,Forward
162768,2,Midfielder
162946,1,Forward
163161,1,Forward
163238,3,Defender
164106,2,Midfielder
164649,2,Midfielder
164756,3,Defender
167140,2,Midfielder
167387,1,Forward
167806,2,Midfielder
167862,3,Defender
168478,3,Defender
169515,3,Defender
171513,1,Forward
171547,2,Midfielder
171573,2,Midfielder
171623,3,Defender
171628,3,Defender
171650,2,Midfielder
171673,1,Forward
171677,3,Defender
171809,2,Midfielder
172267,2,Midfielder
172457,2,Midfielder
172540,3,Defender
172596,1,Forward
172605,2,Midfielder
172680,1,Forward
172688,1,Forward
172923,3,Defender
173386,2,Midfielder
173404,2,Midfielder
174548,2,Midfielder
175083,3,Defender
175303,3,Defender
175968,1,Forward
176044,3,Defender
177219,1,Forward
177550,1,Forward
177694,2,Midfielder
178062,2,Midfielder
178754,2,Midfielder
179237,1,Forward
180113,3,Defender
180468,2,Midfielder
180468,3,Defender
180719,3,Defender
180955,2,Midfielder
180956,1,Forward
181028,2,Midfielder
181558,2,Midfielder
181735,2,Midfielder
182014,3,Defender
182138,2,Midfielder
182610,1,Forward
183154,1,Forward
183316,3,Defender
183615,2,Midfielder
183726,2,Midfielder
183758,3,Defender
183764,3,Defender
183778,3,Defender
183779,3,Defender
183792,2,Midfielder
183795,2,Midfielder
183796,3,Defender
183810,2,Midfielder
184081,3,Defender
184221,2,Midfielder
184976,2,Midfielder
185792,3,Defender
185800,1,Forward
186385,1,Forward
186444,3,Defender
187236,3,Defender
187273,3,Defender
187782,3,Defender
188093,2,Midfielder
188305,3,Defender
188454,3,Defender
189505,2,Midfielder
189531,2,Midfielder
191693,2,Midfielder
192048,2,Midfielder
192080,3,Defender
192278,2,Midfielder
192512,2,Midfielder
192547,3,Defender
193171,2,Midfielder
193452,3,Defender
193663,3,Defender
193898,2,Midfielder
194293,3,Defender
195334,2,Midfielder
195532,2,Midfielder
195675,3,Defender
195992,2,Midfielder
196842,3,Defender
196978,3,Defender
197050,3,Defender
197351,1,Forward
197354,1,Forward
197425,2,Midfielder
198531,2,Midfielder
199651,2,Midfielder
199690,3,Defender
199822,1,Forward
199904,3,Defender
199926,2,Midfielder
199958,2,Midfielder
199963,2,Midfielder
200139,3,Defender
200836,3,Defender
200839,3,Defender
200937,2,Midfielder
201102,2,Midfielder
201103,3,Defender
201136,2,Midfielder
201324,3,Defender
201350,2,Midfielder
201353,3,Defender
201354,3,Defender
201478,2,Midfielder
201498,3,Defender
201581,2,Midfielder
201606,2,Midfielder
201914,3,Defender
202501,2,Midfielder
202539,1,Forward
202714,1,Forward
203304,2,Midfielder
203329,3,Defender
203868,2,Midfielder
203926,1,Forward
203974,3,Defender
204067,3,Defender
205386,2,Midfielder
205657,2,Midfielder
206682,3,Defender
207232,1,Forward
207238,2,Midfielder
207260,3,Defender
207349,2,Midfielder
207638,1,Forward
207894,2,Midfielder
208046,2,Midfielder
208341,1,Forward
208436,1,Forward
210252,1,Forward
210438,3,Defender
211678,1,Forward
211678,2,Midfielder
212226,2,Midfielder
213304,1,Forward
214446,1,Forward
215186,2,Midfielder
215441,3,Defender
215818,2,Midfielder
216183,1,Forward
216609,2,Midfielder
216617,2,Midfielder
216998,1,Forward
217009,3,Defender
217109,2,Midfielder
217254,2,Midfielder
217281,1,Forward
217325,3,Defender
218058,3,Defender
218252,3,Defender
218440,2,Midfielder
219091,2,Midfielder
219188,2,Midfielder
219271,2,Midfielder
219275,3,Defender
219508,2,Midfielder
220478,2,Midfielder
220491,2,Midfielder
220497,2,Midfielder
220573,1,Forward
220851,1,Forward
221128,2,Midfielder
221277,2,Midfielder
221602,3,Defender
222188,3,Defender
222453,2,Midfielder
222678,1,Forward
222765,1,Forward
223034,2,Midfielder
223042,2,Midfielder
223355,3,Defender
225606,1,Forward
225615,3,Defender
227441,2,Midfielder
227598,1,Forward
227627,1,Forward
227734,3,Defender
227931,3,Defender
228005,2,Midfielder
228380,2,Midfielder
228390,2,Midfielder
228431,1,Forward
228483,1,Forward
228493,3,Defender
228578,2,Midfielder
228620,1,Forward
229289,2,Midfielder
229876,3,Defender
229883,2,Midfielder
230220,2,Midfielder
230239,2,Midfielder
230626,3,Defender
230822,3,Defender
231047,3,Defender
231052,2,Midfielder
231055,2,Midfielder
231057,2,Midfielder
231066,3,Defender
231098,2,Midfielder
231150,3,Defender
231155,2,Midfielder
231192,2,Midfielder
231574,2,Midfielder
231869,2,Midfielder
232052,2,Midfielder
232367,2,Midfielder
232755,2,Midfielder
232755,3,Defender
233041,2,Midfielder
233045,3,Defender
233046,3,Defender
233047,1,Forward
233050,1,Forward
233217,2,Midfielder
233266,2,Midfielder
233326,2,Midfielder
233401,2,Midfielder
233460,3,Defender
233813,3,Defender
233976,3,Defender
234315,3,Defender
234765,1,Forward
234879,3,Defender
234962,3,Defender
235061,1,Forward
235062,3,Defender
235485,3,Defender
235511,1,Forward
235594,2,Midfielder
235672,1,Forward
235817,1,Forward
235873,3,Defender
235893,2,Midfielder
235949,1,Forward
235956,3,Defender
236037,2,Midfielder
236342,2,Midfielder
236641,3,Defender
236882,3,Defender
236890,3,Defender
237002,2,Midfielder
237164,3,Defender
237823,2,Midfielder
237957,2,Midfielder
237958,3,Defender
238050,3,Defender
238109,3,Defender
238412,3,Defender
238438,3,Defender
238488,3,Defender
238859,2,Midfielder
239525,1,Forward
239736,2,Midfielder
240101,2,Midfielder
240110,1,Forward
240232,2,Midfielder
240531,2,Midfielder
240553,1,Forward
241245,2,Midfielder
241473,2,Midfielder
241486,3,Defender
241544,1,Forward
241859,3,Defender
242597,2,Midfielder
242613,3,Defender
242942,3,Defender
242949,1,Forward
243168,3,Defender
245068,3,Defender
245085,2,Midfielder
245098,3,Defender
245451,3,Defender
245570,2,Midfielder
245592,3,Defender
245773,2,Midfielder
245843,2,Midfielder
246337,2,Midfielder
246371,2,Midfielder
246392,3,Defender
246393,3,Defender
246766,1,Forward
246855,3,Defender
248276,3,Defender
248648,3,Defender
249278,1,Forward
249490,1,Forward
249699,2,Midfielder
249705,2,Midfielder
249706,2,Midfielder
249711,3,Defender
249728,3,Defender
249756,3,Defender
249768,3,Defender
249926,1,Forward
249943,1,Forward
249985,3,Defender
250448,2,Midfielder
250685,1,Forward
250852,1,Forward
250920,3,Defender
251571,1,Forward
251673,2,Midfielder
251800,2,Midfielder
251801,3,Defender
251802,2,Midfielder
251804,1,Forward
251805,1,Forward
251806,2,Midfielder
251864,3,Defender
252351,2,Midfielder
252382,2,Midfielder
252474,3,Defender
252481,3,Defender
252540,2,Midfielder
252562,3,Defender
252686,3,Defender
252749,3,Defender
252778,3,Defender
252812,3,Defender
252814,1,Forward
252816,3,Defender
252817,1,Forward
252818,2,Midfielder
252820,2,Midfielder
252825,3,Defender
252827,2,Midfielder
252831,3,Defender
252901,2,Midfielder
252934,2,Midfielder
252944,2,Midfielder
252999,2,Midfielder
253002,2,Midfielder
253176,3,Defender
253255,2,Midfielder
254142,3,Defender
254285,1,Forward
254292,2,Midfielder
254299,3,Defender
254375,1,Forward
254382,1,Forward
254383,3,Defender
254386,2,Midfielder
254438,3,Defender
254450,1,Forward
255237,3,Defender
255259,3,Defender
255476,3,Defender
255501,3,Defender
255802,2,Midfielder
255910,2,Midfielder
256210,3,Defender
256450,1,Forward
256476,3,Defender
256489,3,Defender
256514,3,Defender
256518,2,Midfielder
256843,1,Forward
257062,1,Forward
257114,3,Defender
257193,3,Defender
257622,3,Defender
257744,1,Forward
257844,2,Midfielder
258065,1,Forward
258065,2,Midfielder
258441,3,Defender
258855,2,Midfielder
259111,2,Midfielder
259141,2,Midfielder
259199,2,Midfielder
259805,3,Defender
259925,3,Defender
259951,2,Midfielder
260173,2,Midfielder
260212,1,Forward
260213,3,Defender
260440,3,Defender
260554,2,Midfielder
260887,2,Midfielder
260912,3,Defender
261168,1,Forward
261317,3,Defender
261401,3,Defender
261518,2,Midfielder
261589,2,Midfielder
262566,1,Forward
262871,2,Midfielder
263095,1,Forward
263224,3,Defender
263560,3,Defender
264411,2,Midfielder
264469,3,Defender
265897,2,Midfielder
265977,2,Midfielder
266021,2,Midfielder
266022,1,Forward
266026,2,Midfielder
266028,2,Midfielder
266454,3,Defender
266579,1,Forward
267109,1,Forward
267113,2,Midfielder
267116,2,Midfielder
267206,3,Defender
267611,1,Forward
267996,1,Forward
268173,2,Midfielder
268192,2,Midfielder
269153,3,Defender
269158,2,Midfielder
270238,3,Defender
270302,1,Forward
270302,3,Defender
270560,2,Midfielder
270611,2,Midfielder
270669,3,Defender
270788,3,Defender
270829,2,Midfielder
271075,3,Defender
271244,2,Midfielder
271427,3,Defender
271473,2,Midfielder
271536,2,Midfielder
271816,2,Midfielder
271826,2,Midfielder
271844,2,Midfielder
271847,2,Midfielder
271884,2,Midfielder
272154,2,Midfielder
272173,3,Defender
272499,3,Defender
272506,2,Midfielder
272741,1,Forward
273178,2,Midfielder
273399,1,Forward
273514,2,Midfielder
273768,1,Forward
273769,1,Forward
273790,2,Midfielder
273974,3,Defender
274002,2,Midfielder
274109,1,Forward
274296,2,Midfielder
275008,2,Midfielder
275106,2,Midfielder
275160,1,Forward
275716,2,Midfielder
275798,1,Forward
275859,2,Midfielder
275984,2,Midfielder
276138,3,Defender
276283,2,Midfielder
276287,1,Forward
276305,1,Forward
276615,3,Defender
277128,1,Forward
277208,2,Midfielder
277302,2,Midfielder
277392,2,Midfielder
277851,2,Midfielder
279180,2,Midfielder
279290,3,Defender
279454,2,Midfielder
279758,2,Midfielder
279779,1,Forward
279977,2,Midfielder
280510,3,Defender
280612,1,Forward
280615,1,Forward
280680,2,Midfielder
280721,1,Forward
280764,3,Defender
280765,2,Midfielder
280811,2,Midfielder
280847,3,Defender
280931,2,Midfielder
281323,3,Defender
281494,3,Defender
281523,1,Forward
282483,2,Midfielder
282589,3,Defender
282755,2,Midfielder
282982,2,Midfielder
283228,2,Midfielder
283264,3,Defender
283453,3,Defender
284636,2,Midfielder
284834,1,Forward
285201,1,Forward
285203,1,Forward
285250,2,Midfielder
285358,2,Midfielder
285383,2,Midfielder
285384,2,Midfielder
285452,2,Midfielder
285452,3,Defender
285613,3,Defender
285629,1,Forward
285698,1,Forward
285757,2,Midfielder
285939,2,Midfielder
286194,3,Defender
286198,2,Midfielder
286214,1,Forward
286319,1,Forward
286516,1,Forward
286517,3,Defender
286523,3,Defender
286669,2,Midfielder
286719,3,Defender
286759,2,Midfielder
286760,2,Midfielder
286777,2,Midfielder
286778,3,Defender
286781,1,Forward
286785,2,Midfielder
286797,1,Forward
286802,3,Defender
286803,3,Defender
286841,3,Defender
286944,2,Midfielder
287014,2,Midfielder
287252,3,Defender
287360,2,Midfielder
287368,2,Midfielder
287444,1,Forward
287449,2,Midfielder
287464,2,Midfielder
287471,2,Midfielder
287768,2,Midfielder
287784,1,Forward
287792,2,Midfielder
287841,2,Midfielder
287963,2,Midfielder
288041,1,Forward
288060,2,Midfielder
288145,2,Midfielder
288146,2,Midfielder
288208,2,Midfielder
288430,1,Forward
288478,2,Midfielder
288479,2,Midfielder
288714,2,Midfielder
288791,1,Forward
288792,2,Midfielder
288873,2,Midfielder
288930,1,Forward
288980,3,Defender
288982,2,Midfielder
289300,1,Forward
289449,2,Midfielder
289938,2,Midfielder
290355,2,Midfielder
290589,2,Midfielder
290715,2,Midfielder
290805,3,Defender
291218,2,Midfielder
291252,1,Forward
291551,3,Defender
291746,2,Midfielder
292011,3,Defender
292944,1,Forward
293668,1,Forward
293671,2,Midfielder
293674,1,Forward
293691,3,Defender
293694,2,Midfielder
293695,1,Forward
293696,2,Midfielder
293702,2,Midfielder
293826,2,Midfielder
293831,1,Forward
293833,3,Defender
294039,1,Forward
294071,1,Forward
294075,2,Midfielder
294135,2,Midfielder
294177,1,Forward
294187,2,Midfielder
294201,3,Defender
294215,3,Defender
294219,2,Midfielder
294222,3,Defender
294654,2,Midfielder
294862,3,Defender
294874,2,Midfielder
294874,3,Defender
295005,1,Forward
295339,1,Forward
295620,2,Midfielder
295727,2,Midfielder
295771,2,Midfielder
296109,2,Midfielder
296134,2,Midfielder
296216,3,Defender
296221,2,Midfielder
296239,3,Defender
296240,3,Defender
296431,2,Midfielder
296749,1,Forward
297050,3,Defender
297098,2,Midfielder
297107,2,Midfielder
297108,2,Midfielder
297115,3,Defender
297116,2,Midfielder
297118,2,Midfielder
297121,1,Forward
297142,2,Midfielder
297150,2,Midfielder
297177,2,Midfielder
297256,1,Forward
297380,3,Defender
297381,2,Midfielder
297831,2,Midfielder
298071,1,Forward
298072,3,Defender
298073,2,Midfielder
298592,2,Midfielder
298687,3,Defender
299185,1,Forward
299527,2,Midfielder
300110,2,Midfielder
300115,2,Midfielder
300420,1,Forward
301284,2,Midfielder
301462,3,Defender
301469,1,Forward
301523,2,Midfielder
301857,2,Midfielder
302060,1,Forward
302234,1,Forward
302238,2,Midfielder
302591,2,Midfielder
302672,3,Defender
302798,3,Defender
302893,1,Forward
302907,3,Defender
302990,2,Midfielder
302991,2,Midfielder
302996,3,Defender
303077,1,Forward
303458,2,Midfielder
303469,3,Defender
303508,1,Forward
303512,2,Midfielder
303521,3,Defender
303577,2,Midfielder
303585,2,Midfielder
303608,3,Defender
303692,2,Midfielder
303894,2,Midfielder
304120,2,Midfielder
304129,2,Midfielder
304130,2,Midfielder
304133,3,Defender
304135,3,Defender
304152,3,Defender
304153,2,Midfielder
304154,3,Defender
304159,1,Forward
304164,2,Midfielder
304169,3,Defender
304170,2,Midfielder
304317,1,Forward
304350,2,Midfielder
304374,3,Defender
304535,2,Midfielder
304623,1,Forward
304696,3,Defender
305060,2,Midfielder
305123,3,Defender
305498,1,Forward
306544,3,Defender
306874,3,Defender
307210,3,Defender
307221,1,Forward
307475,2,Midfielder
307491,2,Midfielder
307660,1,Forward
307924,1,Forward
308083,1,Forward
308481,2,Midfielder
308522,2,Midfielder
308587,1,Forward
308772,2,Midfielder
308773,3,Defender
308786,2,Midfielder
308788,2,Midfielder
308847,2,Midfielder
308892,2,Midfielder
308961,1,Forward
308969,2,Midfielder
309258,2,Midfielder
309264,3,Defender
309410,1,Forward
310213,3,Defender
310827,1,Forward
310964,1,Forward
311088,1,Forward
311157,3,Defender
311163,2,Midfielder
311165,2,Midfielder
311532,3,Defender
312130,3,Defender
312610,1,Forward
312976,1,Forward
313025,2,Midfielder
313043,2,Midfielder
313068,1,Forward
313069,1,Forward
313285,1,Forward
314829,3,Defender
314952,3,Defender
315182,3,Defender
315294,1,Forward
315381,1,Forward
315918,3,Defender
315919,1,Forward
315920,2,Midfielder
315921,3,Defender
315922,1,Forward
315924,2,Midfielder
315925,2,Midfielder
316077,2,Midfielder
316138,3,Defender
316269,3,Defender
316325,3,Defender
316331,3,Defender
316340,1,Forward
316344,3,Defender
316347,3,Defender
316359,1,Forward
316362,2,Midfielder
316366,3,Defender
316383,2,Midfielder
316480,2,Midfielder
317021,3,Defender
317465,2,Midfielder
317467,2,Midfielder
317468,2,Midfielder
317505,2,Midfielder
317737,3,Defender
317974,2,Midfielder
318153,3,Defender
318181,2,Midfielder
318352,3,Defender
318373,1,Forward
318486,2,Midfielder
318514,3,Defender
318518,2,Midfielder
318520,3,Defender
318536,2,Midfielder
318554,2,Midfielder
318882,2,Midfielder
318912,3,Defender
318918,1,Forward
318956,1,Forward
319014,2,Midfielder
319024,3,Defender
319034,1,Forward
319038,3,Defender
319042,2,Midfielder
319055,3,Defender
319082,3,Defender
319083,2,Midfielder
319389,2,Midfielder
319427,1,Forward
319441,3,Defender
319496,1,Forward
319548,2,Midfielder
320300,3,Defender
320956,1,Forward
321918,1,Forward
321979,3,Defender
322064,2,Midfielder
323130,1,Forward
323247,1,Forward
324044,3,Defender
324048,2,Midfielder
324186,3,Defender
324809,1,Forward
324902,1,Forward
324966,3,Defender
325001,2,Midfielder
325359,2,Midfielder
325410,1,Forward
325936,2,Midfielder
326775,2,Midfielder
327126,1,Forward
328239,3,Defender
328351,3,Defender
329025,3,Defender
329273,1,Forward
329364,2,Midfielder
329628,1,Forward
330207,2,Midfielder
330368,2,Midfielder
330924,2,Midfielder
331314,1,Forward
331605,3,Defender
331611,3,Defender
333672,1,Forward
333699,3,Defender
333700,2,Midfielder
333727,2,Midfielder
333728,2,Midfielder
333735,3,Defender
333738,1,Forward
333740,2,Midfielder
333746,1,Forward
333752,2,Midfielder
334038,3,Defender
334151,3,Defender
334199,2,Midfielder
334227,3,Defender
334361,2,Midfielder
334716,3,Defender
335238,1,Forward
336523,3,Defender
336548,1,Forward
336552,2,Midfielder
336755,1,Forward
336809,1,Forward
336999,3,Defender
337023,3,Defender
337030,3,Defender
337066,1,Forward
337149,1,Forward
337361,3,Defender
337922,3,Defender
337928,1,Forward
338082,2,Midfielder
338133,2,Midfielder
338135,2,Midfielder
340123,3,Defender
340228,3,Defender
340229,2,Midfielder
340596,1,Forward
340613,1,Forward
340690,1,Forward
341451,2,Midfielder
341740,1,Forward
342198,3,Defender
343960,2,Midfielder
343994,3,Defender
345173,2,Midfielder
348318,1,Forward
348870,1,Forward
350481,2,Midfielder
351302,1,Forward
351372,3,Defender
352320,1,Forward
353751,2,Midfielder
354887,1,Forward
355365,2,Midfielder
355456,1,Forward
356108,2,Midfielder
356357,3,Defender
356358,2,Midfielder
356926,2,Midfielder
356979,1,Forward
357010,2,Midfielder
357053,1,Forward
357107,3,Defender
357792,3,Defender
358595,3,Defender
358681,2,Midfielder
358682,2,Midfielder
358975,3,Defender
359239,3,Defender
359270,2,Midfielder
359272,2,Midfielder
359542,2,Midfielder
361006,2,Midfielder
362114,2,Midfielder
362345,2,Midfielder
362442,2,Midfielder
362458,2,Midfielder
362459,1,Forward
362522,3,Defender
362613,2,Midfielder
362678,2,Midfielder
362812,2,Midfielder
362895,2,Midfielder
363194,3,Defender
363215,2,Midfielder
364138,2,Midfielder
364401,3,Defender
364684,3,Defender
364702,2,Midfielder
365045,1,Forward
366218,3,Defender
371481,2,Midfielder
374519,1,Forward
377079,3,Defender
378655,1,Forward
378656,1,Forward
379908,1,Forward
379938,1,Forward
380600,1,Forward
380601,1,Forward
380677,3,Defender
380678,1,Forward
380712,1,Forward
380793,2,Midfielder
380800,3,Defender
380872,2,Midfielder
380895,3,Defender
380923,1,Forward
381072,3,Defender
381209,2,Midfielder
381406,2,Midfielder
381490,1,Forward
382590,2,Midfielder
382613,2,Midfielder
382636,1,Forward
382638,2,Midfielder
384049,3,Defender
